"Data","Último","Abertura","Máxima","Mínima","Vol.","Var%"
"30.12.2012","80,610","79,735","80,995","79,460","104,70K","1,03%"
"23.12.2012","79,785","79,700","80,050","79,420","48,87K","0,09%"
"16.12.2012","79,712","79,590","79,735","79,015","100,06K","0,19%"
"09.12.2012","79,560","80,540","80,570","79,365","115,09K","-1,05%"
"02.12.2012","80,402","80,195","80,975","79,565","120,65K","0,30%"
"25.11.2012","80,163","80,230","80,610","80,025","83,44K","-0,09%"
"18.11.2012","80,236","81,250","81,300","80,155","72,23K","-1,32%"
"11.11.2012","81,310","81,105","81,515","80,940","107,64K","0,26%"
"04.11.2012","81,098","80,710","81,175","80,365","121,65K","0,51%"
"28.10.2012","80,683","80,075","80,740","79,720","88,89K","0,66%"
"21.10.2012","80,156","79,700","80,375","79,535","97,01K","0,59%"
"14.10.2012","79,688","79,820","80,045","78,970","87,54K","-0,07%"
"07.10.2012","79,740","79,465","80,310","79,430","83,95K","0,39%"
"30.09.2012","79,428","80,045","80,250","79,180","85,26K","-0,75%"
"23.09.2012","80,025","79,420","80,090","79,375","92,16K","0,79%"
"16.09.2012","79,398","78,840","79,755","78,750","80,97K","0,71%"
"09.09.2012","78,841","80,185","80,400","78,600","121,83K","-1,74%"
"02.09.2012","80,234","81,210","81,675","80,140","89,66K","-1,21%"
"26.08.2012","81,216","81,615","81,840","80,960","70,26K","-0,47%"
"19.08.2012","81,603","82,560","82,765","81,220","103,15K","-1,28%"
"12.08.2012","82,663","82,640","82,960","82,250","76,38K","0,04%"
"05.08.2012","82,631","82,405","82,945","82,065","81,99K","0,22%"
"29.07.2012","82,446","82,755","83,610","82,225","111,09K","-0,39%"
"22.07.2012","82,765","83,750","84,245","82,400","130,37K","-0,97%"
"15.07.2012","83,573","83,400","83,770","82,800","91,08K","0,12%"
"08.07.2012","83,474","83,560","83,985","83,135","103,75K","-0,10%"
"01.07.2012","83,561","81,730","83,605","81,655","95,11K","2,21%"
"24.06.2012","81,753","82,490","83,070","81,560","135,27K","-0,84%"
"17.06.2012","82,442","81,235","82,670","81,225","129,36K","1,03%"
"10.06.2012","81,605","82,000","82,755","81,255","159,87K","-1,16%"
"03.06.2012","82,562","82,885","83,150","81,960","146,53K","-0,50%"
"27.05.2012","82,973","82,265","83,670","81,900","169,99K","0,55%"
"20.05.2012","82,523","81,295","82,610","81,025","146,71K","1,35%"
"13.05.2012","81,424","80,560","81,930","80,490","196,91K","1,27%"
"06.05.2012","80,404","79,790","80,480","79,630","135,81K","1,03%"
"29.04.2012","79,587","78,790","79,615","78,665","97,02K","1,05%"
"22.04.2012","78,757","79,375","79,775","78,720","94,97K","-0,70%"
"15.04.2012","79,313","80,085","80,345","79,225","99,49K","-0,93%"
"08.04.2012","80,055","80,050","80,320","79,365","101,57K","-0,30%"
"01.04.2012","80,293","79,035","80,365","78,795","74,54K","1,46%"
"25.03.2012","79,138","79,495","79,940","78,870","111,05K","-0,55%"
"18.03.2012","79,576","80,065","80,195","79,325","96,62K","-0,20%"
"11.03.2012","79,734","80,025","80,725","79,690","122,14K","-0,44%"
"04.03.2012","80,084","79,515","80,095","79,100","125,78K","0,78%"
"26.02.2012","79,462","78,450","79,515","78,120","149,14K","1,35%"
"19.02.2012","78,401","79,200","79,465","78,260","114,61K","-1,33%"
"12.02.2012","79,456","78,950","80,240","78,715","127,27K","0,29%"
"05.02.2012","79,226","79,190","79,645","78,430","133,43K","0,21%"
"29.01.2012","79,057","78,960","79,665","78,745","127,57K","0,06%"
"22.01.2012","79,011","80,535","80,585","78,890","143,43K","-1,73%"
"15.01.2012","80,406","81,670","81,680","80,185","78,90K","-1,69%"
"08.01.2012","81,791","81,670","82,045","80,735","76,66K","0,24%"
"01.01.2012","81,597","80,155","81,720","79,830","79,42K","1,34%"
"25.12.2011","80,522","80,150","81,310","80,040","54,66K","0,36%"
"18.12.2011","80,236","80,300","80,940","79,550","68,47K","-0,02%"
"11.12.2011","80,249","78,780","80,775","78,690","146,28K","1,99%"
"04.12.2011","78,681","78,735","79,185","78,150","90,56K","-0,06%"
"27.11.2011","78,731","79,450","79,580","78,010","118,00K","-1,38%"
"20.11.2011","79,831","78,230","79,875","78,145","74,36K","2,01%"
"13.11.2011","78,255","76,975","78,690","76,925","119,55K","1,46%"
"06.11.2011","77,131","77,050","78,420","76,675","116,77K","-0,04%"
"30.10.2011","77,162","75,215","77,840","75,110","178,53K","2,59%"
"23.10.2011","75,216","76,600","76,870","74,860","166,70K","-1,84%"
"16.10.2011","76,628","76,810","77,855","76,465","159,87K","-0,36%"
"09.10.2011","76,907","79,075","79,180","76,795","126,05K","-2,83%"
"02.10.2011","79,149","79,440","80,430","78,450","171,45K","0,09%"
"25.09.2011","79,075","78,995","79,645","77,835","150,40K","-0,19%"
"18.09.2011","79,228","77,070","79,400","76,965","162,19K","3,44%"
"11.09.2011","76,593","77,580","77,885","76,090","163,90K","-0,91%"
"04.09.2011","77,300","74,910","77,375","74,670","185,48K","3,29%"
"28.08.2011","74,839","73,785","74,865","73,565","108,09K","1,31%"
"21.08.2011","73,869","74,140","74,550","73,635","108,35K","-0,32%"
"14.08.2011","74,106","74,675","74,745","73,515","114,24K","-0,85%"
"07.08.2011","74,743","74,390","75,390","73,905","169,48K","-0,08%"
"31.07.2011","74,802","74,130","75,645","73,755","184,11K","1,03%"
"24.07.2011","74,036","74,180","74,685","73,585","131,47K","-0,51%"
"17.07.2011","74,412","75,520","76,115","74,125","150,32K","-1,47%"
"10.07.2011","75,520","75,560","77,175","74,990","184,99K","0,01%"
"03.07.2011","75,514","74,515","75,745","74,405","94,18K","1,12%"
"26.06.2011","74,674","76,190","76,590","74,505","148,34K","-2,02%"
"19.06.2011","76,210","75,615","76,280","74,865","152,98K","0,99%"
"12.06.2011","75,461","74,805","76,505","74,590","130,96K","0,89%"
"05.06.2011","74,798","73,770","74,935","73,515","174,74K","1,34%"
"29.05.2011","73,807","74,940","75,100","73,725","127,28K","-1,61%"
"22.05.2011","75,018","75,845","76,540","74,895","156,71K","-0,74%"
"15.05.2011","75,579","76,080","76,190","75,085","191,09K","-0,47%"
"08.05.2011","75,938","75,025","76,140","74,530","224,24K","1,14%"
"01.05.2011","75,080","73,185","75,180","72,860","214,76K","2,70%"
"24.04.2011","73,107","74,300","74,520","73,015","109,17K","-1,45%"
"17.04.2011","74,180","75,085","76,055","73,935","113,78K","-1,13%"
"10.04.2011","75,028","75,165","75,455","74,825","109,73K","-0,33%"
"03.04.2011","75,273","76,230","76,400","75,060","102,60K","-1,06%"
"27.03.2011","76,083","76,520","76,870","75,885","116,16K","-0,53%"
"20.03.2011","76,485","75,870","76,560","75,590","128,10K","0,68%"
"13.03.2011","75,971","76,550","77,390","75,790","124,45K","-1,04%"
"06.03.2011","76,770","76,350","77,550","76,145","145,28K","0,46%"
"27.02.2011","76,416","77,255","77,435","76,285","133,82K","-1,14%"
"20.02.2011","77,300","77,710","78,390","76,975","91,47K","-0,54%"
"13.02.2011","77,720","78,495","78,980","77,570","102,12K","-1,08%"
"06.02.2011","78,565","78,170","78,795","77,580","103,85K","0,52%"
"30.01.2011","78,157","78,390","78,470","77,000","114,39K","-0,16%"
"23.01.2011","78,280","78,300","78,630","77,705","115,51K","-0,11%"
"16.01.2011","78,370","79,300","79,765","78,010","107,58K","-1,25%"
"09.01.2011","79,366","81,490","81,635","78,970","124,50K","-2,40%"
"02.01.2011","81,321","79,310","81,455","79,115","123,82K","2,56%"
"26.12.2010","79,288","80,820","81,010","79,025","50,05K","-1,91%"
"19.12.2010","80,832","80,750","81,185","80,575","51,99K","0,10%"
"12.12.2010","80,752","80,210","81,010","79,145","81,42K","0,86%"
"05.12.2010","80,066","79,300","80,425","79,170","129,18K","0,83%"
"28.11.2010","79,407","80,275","81,525","79,060","165,34K","-1,28%"
"21.11.2010","80,433","78,350","80,600","78,060","90,57K","2,34%"
"14.11.2010","78,594","78,325","79,585","78,015","130,55K","0,46%"
"07.11.2010","78,231","76,690","78,640","76,515","154,78K","2,01%"
"31.10.2010","76,691","77,105","77,625","75,235","135,53K","-0,99%"
"24.10.2010","77,457","77,550","78,510","76,875","115,92K","-0,29%"
"17.10.2010","77,685","77,255","78,610","75,850","136,63K","0,54%"
"10.10.2010","77,268","77,150","78,170","76,335","123,92K","-0,38%"
"03.10.2010","77,563","78,240","78,900","77,150","127,49K","-0,96%"
"26.09.2010","78,313","79,530","80,010","78,220","114,86K","-1,62%"
"19.09.2010","79,599","81,665","81,740","79,465","116,03K","-2,50%"
"12.09.2010","81,641","82,675","82,680","81,075","101,62K","-1,28%"
"05.09.2010","82,701","82,050","82,995","81,885","93,27K","0,70%"
"29.08.2010","82,124","82,850","83,405","82,015","98,17K","-1,02%"
"22.08.2010","82,968","83,165","83,635","82,665","134,32K","-0,23%"
"15.08.2010","83,160","83,030","83,430","81,995","80,78K","0,15%"
"08.08.2010","83,038","80,485","83,350","80,345","108,98K","3,16%"
"01.08.2010","80,496","81,570","81,670","80,170","83,17K","-1,42%"
"25.07.2010","81,655","82,700","82,815","81,565","78,84K","-1,18%"
"18.07.2010","82,629","82,790","83,640","82,355","102,54K","-0,04%"
"11.07.2010","82,658","84,080","84,725","82,250","102,53K","-1,78%"
"04.07.2010","84,152","84,725","85,075","83,835","74,02K","-0,61%"
"27.06.2010","84,670","85,580","86,600","84,360","109,70K","-1,06%"
"20.06.2010","85,579","85,670","86,710","85,360","96,02K","-0,46%"
"13.06.2010","85,976","87,400","87,400","85,735","62,59K","-1,76%"
"06.06.2010","87,517","88,400","88,800","86,770","135,44K","-0,90%"
"30.05.2010","88,315","86,860","88,405","86,220","104,21K","2,00%"
"23.05.2010","86,582","85,680","87,550","85,655","137,92K","1,22%"
"16.05.2010","85,537","86,410","87,625","85,325","210,08K","-0,80%"
"09.05.2010","86,231","83,900","86,435","83,070","135,56K","1,86%"
"02.05.2010","84,659","82,050","85,460","81,870","221,59K","3,25%"
"25.04.2010","81,991","81,580","82,870","81,360","116,71K","0,60%"
"18.04.2010","81,498","81,010","82,200","80,860","96,94K","0,68%"
"11.04.2010","80,944","80,850","81,035","80,140","111,82K","-0,37%"
"04.04.2010","81,241","81,285","82,060","81,010","97,98K","-0,25%"
"28.03.2010","81,444","81,620","81,940","80,520","98,62K","-0,65%"
"21.03.2010","81,978","80,975","82,520","80,775","119,15K","1,24%"
"14.03.2010","80,975","79,770","81,135","79,730","97,10K","1,42%"
"07.03.2010","79,840","80,425","80,880","79,650","143,48K","-0,77%"
"28.02.2010","80,460","80,535","81,340","79,835","125,68K","0,02%"
"21.02.2010","80,440","80,690","81,195","80,145","113,36K","-0,35%"
"14.02.2010","80,720","80,470","81,430","79,610","107,05K","0,39%"
"07.02.2010","80,410","80,560","80,835","79,650","161,93K","-0,23%"
"31.01.2010","80,595","79,610","80,820","78,830","128,84K","1,19%"
"24.01.2010","79,650","78,430","79,680","78,200","100,47K","1,56%"
"17.01.2010","78,430","77,500","79,000","77,090","89,09K","1,23%"
"10.01.2010","77,480","77,630","77,660","76,740","86,45K","-0,23%"
"03.01.2010","77,655","78,355","78,590","77,390","93,12K","-0,72%"
"27.12.2009","78,220","78,100","78,550","77,665","36,94K","0,06%"
"20.12.2009","78,175","78,165","78,770","77,850","54,07K","-0,03%"
"13.12.2009","78,195","76,610","78,500","76,260","96,37K","2,10%"
"06.12.2009","76,585","75,750","76,740","75,480","120,49K","0,81%"
"29.11.2009","75,970","75,000","76,000","74,310","102,68K","1,24%"
"22.11.2009","75,040","75,800","75,845","74,210","70,35K","-0,91%"
"15.11.2009","75,730","75,360","76,500","74,750","77,60K","0,40%"
"08.11.2009","75,425","75,810","75,880","74,855","77,71K","-0,68%"
"01.11.2009","75,940","76,475","77,500","75,590","101,57K","-0,70%"
"25.10.2009","76,475","75,600","76,735","75,340","90,42K","1,16%"
"18.10.2009","75,600","75,800","76,070","75,085","62,90K","-0,22%"
"11.10.2009","75,770","76,520","76,845","75,405","52,24K","-1,11%"
"04.10.2009","76,620","77,210","77,235","75,680","40,66K","-0,77%"
"27.09.2009","77,215","76,880","77,735","76,680","46,32K","0,26%"
"20.09.2009","77,015","76,750","77,335","76,045","38,79K","0,45%"
"13.09.2009","76,670","76,650","77,315","76,230","27,29K","0,04%"
"06.09.2009","76,640","78,160","78,170","76,445","59,21K","-1,95%"
"30.08.2009","78,165","78,355","79,010","77,975","36,70K","-0,28%"
"23.08.2009","78,385","78,050","78,895","77,860","32,36K","0,36%"
"16.08.2009","78,100","78,990","79,695","77,810","34,67K","-1,15%"
"09.08.2009","79,005","78,825","79,515","78,305","29,78K","-0,13%"
"02.08.2009","79,105","78,160","79,210","77,520","38,16K","0,83%"
"26.07.2009","78,450","78,805","79,810","78,310","31,81K","-0,56%"
"19.07.2009","78,895","79,520","79,605","78,585","29,57K","-0,77%"
"12.07.2009","79,505","80,400","80,700","79,285","27,29K","-1,15%"
"05.07.2009","80,430","80,605","81,165","79,880","26,30K","-0,29%"
"28.06.2009","80,665","80,050","80,750","79,565","20,49K","0,70%"
"21.06.2009","80,105","80,620","81,300","79,900","35,68K","-0,65%"
"14.06.2009","80,630","80,525","81,795","80,310","21,05K","0,57%"
"07.06.2009","80,175","80,900","81,530","79,200","56,84K","-0,69%"
"31.05.2009","80,730","79,305","80,885","78,375","43,17K","1,64%"
"24.05.2009","79,430","80,000","81,195","79,255","29,35K","-0,78%"
"17.05.2009","80,055","83,000","83,335","79,905","40,24K","-3,72%"
"10.05.2009","83,150","82,410","83,225","81,980","27,79K","0,62%"
"03.05.2009","82,640","84,740","85,030","82,495","26,59K","-2,44%"
"26.04.2009","84,705","84,865","86,230","84,035","21,57K","-0,25%"
"19.04.2009","84,920","86,360","87,220","84,635","32,92K","-1,59%"
"12.04.2009","86,295","85,740","86,340","84,715","19,98K","0,26%"
"05.04.2009","86,075","84,315","86,240","84,100","18,47K","1,80%"
"29.03.2009","84,555","85,970","86,615","84,465","21,15K","-1,20%"
"22.03.2009","85,580","84,030","85,860","83,380","28,88K","1,47%"
"15.03.2009","84,340","87,095","87,845","83,145","31,48K","-3,56%"
"08.03.2009","87,455","88,620","89,470","87,195","39,74K","-1,24%"
"01.03.2009","88,550","88,400","89,710","87,910","35,34K","0,45%"
"22.02.2009","88,150","85,920","88,675","85,810","24,65K","1,67%"
"15.02.2009","86,700","86,955","88,570","86,435","26,30K","0,43%"
"08.02.2009","86,325","85,565","87,120","84,665","30,66K","0,79%"
"01.02.2009","85,645","86,685","86,970","85,125","21,83K","-0,94%"
"25.01.2009","86,460","86,265","86,860","84,020","21,99K","0,31%"
"18.01.2009","86,190","84,280","87,405","84,100","18,51K","1,60%"
"11.01.2009","84,835","83,365","85,920","83,365","15,66K","1,65%"
"04.01.2009","83,455","82,465","84,980","81,990","21,80K","0,78%"
"28.12.2008","82,805","81,825","82,895","80,430","10,74K","1,36%"
"21.12.2008","81,690","82,320","82,385","81,415","5,88K","-0,90%"
"14.12.2008","82,435","83,230","83,325","79,500","31,99K","-1,43%"
"07.12.2008","83,630","87,045","87,045","83,245","36,71K","-4,08%"
"30.11.2008","87,190","86,580","87,850","86,185","16,78K","0,56%"
"23.11.2008","86,705","87,640","87,925","84,650","23,13K","-1,93%"
"16.11.2008","88,415","88,185","89,250","86,375","18,88K","1,88%"
"09.11.2008","86,785","86,065","88,635","85,545","18,11K","0,39%"
"02.11.2008","86,450","86,345","87,480","84,455","19,67K","0,12%"
"26.10.2008","86,345","86,905","88,495","83,750","28,94K","-0,70%"
"19.10.2008","86,950","82,890","87,585","82,000","37,92K","4,97%"
"12.10.2008","82,835","82,310","83,100","81,100","23,59K","-0,57%"
"05.10.2008","83,310","81,295","83,500","80,590","32,26K","3,39%"
"28.09.2008","80,580","77,200","81,250","77,115","33,97K","4,59%"
"21.09.2008","77,045","77,670","77,890","76,025","35,33K","-1,15%"
"14.09.2008","77,940","78,525","79,950","77,310","32,51K","-1,31%"
"07.09.2008","78,975","79,200","80,395","78,245","71,81K","-0,03%"
"31.08.2008","79,000","77,330","79,485","77,320","42,00K","1,94%"
"24.08.2008","77,500","76,865","77,710","76,670","25,65K","0,79%"
"17.08.2008","76,895","77,265","77,565","76,155","34,58K","-0,59%"
"10.08.2008","77,350","76,215","77,435","75,695","41,39K","1,76%"
"03.08.2008","76,010","73,540","76,095","73,365","33,75K","3,27%"
"27.07.2008","73,600","73,065","73,965","72,805","30,78K","0,72%"
"20.07.2008","73,075","72,420","73,230","71,960","29,93K","0,90%"
"13.07.2008","72,425","72,300","72,675","71,555","19,59K","0,11%"
"06.07.2008","72,345","72,990","73,490","72,075","24,08K","-0,88%"
"29.06.2008","72,990","72,580","73,295","72,305","21,92K","0,44%"
"22.06.2008","72,670","73,430","74,040","72,555","23,82K","-0,97%"
"15.06.2008","73,380","73,950","74,195","73,290","15,60K","-1,07%"
"08.06.2008","74,170","72,330","74,320","72,170","52,16K","2,40%"
"01.06.2008","72,430","72,950","73,930","72,365","33,52K","-0,71%"
"25.05.2008","72,950","72,000","73,290","71,915","23,21K","1,36%"
"18.05.2008","71,970","72,960","73,310","71,935","33,74K","-1,36%"
"11.05.2008","72,960","73,210","74,000","72,800","34,16K","-0,36%"
"04.05.2008","73,225","73,615","74,065","72,900","23,44K","-0,63%"
"27.04.2008","73,690","72,905","73,900","72,655","33,92K","0,90%"
"20.04.2008","73,030","72,230","73,250","71,050","40,32K","1,07%"
"13.04.2008","72,255","72,535","74,500","71,510","31,63K","0,26%"
"06.04.2008","72,065","72,260","72,750","71,680","18,29K","-0,41%"
"30.03.2008","72,360","72,120","73,160","71,700","21,74K","0,35%"
"23.03.2008","72,105","73,350","73,670","71,750","21,55K","-1,54%"
"16.03.2008","73,230","71,220","73,500","70,805","17,71K","2,17%"
"09.03.2008","71,675","72,860","73,410","71,590","59,94K","-1,88%"
"02.03.2008","73,045","73,650","74,000","72,455","35,08K","-0,96%"
"24.02.2008","73,750","75,590","75,765","73,630","19,66K","-2,41%"
"17.02.2008","75,575","76,165","76,640","75,435","18,06K","-0,83%"
"10.02.2008","76,210","76,720","76,860","75,935","12,72K","-0,79%"
"03.02.2008","76,820","75,585","77,195","75,390","21,56K","1,66%"
"27.01.2008","75,565","76,215","76,215","74,660","16,40K","-0,72%"
"20.01.2008","76,115","76,785","77,500","75,770","16,16K","-0,50%"
"13.01.2008","76,500","75,975","76,620","75,270","22,16K","0,60%"
"06.01.2008","76,040","75,995","76,580","75,860","8,96K","0,29%"
"30.12.2007","75,820","76,095","76,750","75,450","10,19K","-0,54%"
"23.12.2007","76,235","77,585","77,660","76,150","8,26K","-1,94%"
"16.12.2007","77,740","77,345","77,860","77,290","6,70K","0,39%"
"09.12.2007","77,440","76,365","77,480","75,930","21,39K","1,44%"
"02.12.2007","76,340","76,100","76,815","75,615","13,31K","0,22%"
"25.11.2007","76,170","75,065","76,215","74,760","12,89K","1,75%"
"18.11.2007","74,860","75,755","75,955","74,765","7,39K","-1,29%"
"11.11.2007","75,840","75,585","76,230","75,410","10,33K","0,60%"
"04.11.2007","75,390","76,315","76,470","75,080","19,21K","-1,19%"
"28.10.2007","76,300","76,790","77,065","76,210","11,98K","-0,88%"
"21.10.2007","76,980","77,290","78,170","76,950","10,66K","-0,50%"
"14.10.2007","77,370","78,115","78,270","77,310","11,18K","-1,01%"
"07.10.2007","78,160","78,220","78,800","77,880","12,52K","-0,10%"
"30.09.2007","78,235","77,670","78,750","77,710","15,98K","0,79%"
"23.09.2007","77,625","78,265","78,565","77,580","19,77K","-1,09%"
"16.09.2007","78,480","79,590","79,700","78,340","17,52K","-1,43%"
"09.09.2007","79,620","79,870","79,935","79,290","28,74K","-0,36%"
"02.09.2007","79,910","80,755","81,100","79,810","20,45K","-1,03%"
"26.08.2007","80,745","80,630","80,960","80,390","6,33K","0,17%"
"19.08.2007","80,610","81,270","81,510","80,540","11,56K","-0,92%"
"12.08.2007","81,360","80,625","82,000","80,650","33,42K","0,95%"
"05.08.2007","80,595","79,970","80,840","79,855","18,75K","0,67%"
"29.07.2007","80,060","80,840","80,890","80,050","17,29K","-0,93%"
"22.07.2007","80,810","79,970","80,890","79,870","22,89K","0,82%"
"15.07.2007","80,150","80,340","80,490","79,960","10,48K","-0,30%"
"08.07.2007","80,390","81,245","81,360","80,280","20,49K","-1,07%"
"01.07.2007","81,260","81,655","81,680","81,080","26,53K","-0,53%"
"24.06.2007","81,690","82,120","82,250","81,660","13,55K","-0,51%"
"17.06.2007","82,110","82,780","82,750","82,080","17,52K","-0,91%"
"10.06.2007","82,860","82,700","83,260","82,630","19,68K","0,21%"
"03.06.2007","82,690","82,260","82,880","81,660","24,50K","0,49%"
"27.05.2007","82,290","82,300","82,560","81,970","12,07K","0,02%"
"20.05.2007","82,270","82,050","82,500","82,020","5,35K","0,19%"
"13.05.2007","82,110","82,010","82,320","81,540","11,65K","0,11%"
"06.05.2007","82,020","81,460","82,290","81,400","12,00K","0,49%"
"29.04.2007","81,620","81,360","81,880","81,100","12,24K","0,33%"
"22.04.2007","81,350","81,410","81,750","81,100","12,66K","-0,12%"
"15.04.2007","81,450","81,790","82,000","81,310","13,01K","-0,58%"
"08.04.2007","81,925","82,780","82,970","81,760","8,98K","-1,01%"
"01.04.2007","82,760","82,640","82,970","82,370","8,25K","0,12%"
"25.03.2007","82,660","83,150","83,200","82,380","7,24K","-0,41%"
"18.03.2007","83,000","83,130","83,400","82,400","9,62K","-0,28%"
"11.03.2007","83,230","84,220","84,230","83,040","20,45K","-1,16%"
"04.03.2007","84,210","83,660","84,360","83,660","23,94K","0,68%"
"25.02.2007","83,640","83,860","84,030","83,320","18,69K","-0,42%"
"18.02.2007","83,990","83,940","84,440","83,810","11,75K","0,00%"
"11.02.2007","83,990","84,720","85,090","83,820","24,25K","-0,90%"
"04.02.2007","84,750","84,850","85,050","84,490","9,07K","-0,05%"
"28.01.2007","84,790","85,100","85,190","84,250","16,51K","-0,38%"
"21.01.2007","85,110","84,730","85,250","84,280","11,64K","0,51%"
"14.01.2007","84,680","84,750","85,050","84,450","5,35K","-0,17%"
"07.01.2007","84,820","84,430","85,170","84,230","12,94K","0,50%"
"31.12.2006","84,400","83,190","84,590","82,900","16,87K","1,16%"
"24.12.2006","83,430","83,570","83,870","83,270","5,35K","-0,29%"
"17.12.2006","83,670","83,980","84,190","82,940","6,45K","-0,48%"
"10.12.2006","84,070","83,340","84,120","82,840","23,95K","0,92%"
"03.12.2006","83,300","82,270","83,300","82,180","23,80K","1,07%"
"26.11.2006","82,420","83,290","83,680","82,280","23,24K","-2,50%"
"19.11.2006","84,530","85,270","85,370","84,320","10,67K","-0,89%"
"12.11.2006","85,290","84,840","85,580","84,720","9,23K","0,48%"
"05.11.2006","84,880","85,540","85,770","84,550","16,06K","-0,77%"
"29.10.2006","85,540","85,410","85,750","84,950","18,49K","0,23%"
"22.10.2006","85,340","86,130","86,720","85,220","24,36K","-0,84%"
"15.10.2006","86,060","86,980","87,020","85,900","15,35K","-0,93%"
"08.10.2006","86,870","86,250","87,080","86,180","16,95K","0,78%"
"01.10.2006","86,200","85,720","86,390","85,190","12,87K","0,61%"
"24.09.2006","85,680","84,870","85,940","84,680","20,19K","0,95%"
"17.09.2006","84,870","86,040","86,070","84,560","16,00K","-1,33%"
"10.09.2006","86,010","85,970","86,140","85,450","17,17K","0,06%"
"03.09.2006","85,960","84,670","86,030","84,800","19,54K","1,26%"
"27.08.2006","84,890","85,270","85,320","84,630","7,93K","-0,48%"
"20.08.2006","85,300","84,870","85,490","84,270","7,69K","0,38%"
"13.08.2006","84,980","85,360","85,550","84,460","9,71K","-0,48%"
"06.08.2006","85,390","84,340","85,450","84,270","11,64K","1,20%"
"30.07.2006","84,380","85,180","85,440","84,170","15,36K","-0,95%"
"23.07.2006","85,190","85,620","86,520","85,070","16,45K","-0,56%"
"16.07.2006","85,670","85,840","87,050","85,550","24,48K","-0,13%"
"09.07.2006","85,780","84,670","86,000","84,660","18,24K","1,35%"
"02.07.2006","84,640","84,830","85,420","84,420","10,69K","-0,31%"
"25.06.2006","84,900","86,440","86,520","84,770","19,52K","-1,79%"
"18.06.2006","86,450","85,980","86,680","85,190","23,88K","0,59%"
"11.06.2006","85,940","85,890","86,460","85,700","20,05K","0,27%"
"04.06.2006","85,710","83,950","86,030","83,660","29,42K","2,04%"
"28.05.2006","84,000","84,950","85,220","83,830","12,92K","-1,40%"
"21.05.2006","85,190","84,750","85,350","84,140","14,99K","0,54%"
"14.05.2006","84,730","83,420","85,270","83,420","21,22K","1,07%"
"07.05.2006","83,830","84,920","85,270","83,410","19,62K","-1,28%"
"30.04.2006","84,920","85,690","86,100","84,820","22,29K","-1,12%"
"23.04.2006","85,880","87,430","87,620","85,770","32,43K","-2,15%"
"16.04.2006","87,770","88,480","88,600","87,470","21,30K","-1,79%"
"09.04.2006","89,370","89,330","89,580","88,910","7,33K","0,07%"
"02.04.2006","89,310","89,390","90,030","88,130","26,41K","-0,09%"
"26.03.2006","89,390","89,720","90,080","88,960","13,43K","-0,33%"
"19.03.2006","89,690","88,650","90,260","88,610","20,56K","1,31%"
"12.03.2006","88,530","90,800","90,860","88,450","47,67K","-2,59%"
"05.03.2006","90,880","89,320","91,180","89,230","25,64K","1,39%"
"26.02.2006","89,630","90,810","90,840","89,450","26,63K","-1,05%"
"19.02.2006","90,580","90,350","90,800","90,020","15,89K","0,02%"
"12.02.2006","90,560","90,500","90,940","90,090","20,09K","0,10%"
"05.02.2006","90,470","89,780","90,500","89,580","27,87K","0,81%"
"29.01.2006","89,740","89,060","90,140","88,550","27,84K","0,62%"
"22.01.2006","89,190","88,570","89,260","87,690","20,38K","0,46%"
"15.01.2006","88,780","88,880","89,500","88,710","9,64K","0,14%"
"08.01.2006","88,660","88,720","89,470","88,520","14,90K","0,05%"
"01.01.2006","88,620","90,490","90,680","88,560","22,84K","-2,57%"
"25.12.2005","90,960","90,630","91,260","90,280","14,97K","0,45%"
"18.12.2005","90,550","89,510","90,980","89,540","19,53K","0,98%"
"11.12.2005","89,670","91,440","91,440","89,490","14,07K","-1,69%"
"04.12.2005","91,210","91,930","92,100","90,980","43,16K","-0,73%"
"27.11.2005","91,880","91,950","92,330","90,700","47,07K","-0,11%"
"20.11.2005","91,980","91,740","92,270","91,180","16,45K","0,12%"
"13.11.2005","91,870","91,710","92,530","91,470","21,05K","-0,02%"
"06.11.2005","91,890","91,230","92,030","91,080","14,08K","0,80%"
"30.10.2005","91,160","89,420","91,270","89,260","26,82K","1,90%"
"23.10.2005","89,460","90,150","90,220","88,640","21,05K","-0,80%"
"16.10.2005","90,180","89,350","90,550","88,960","28,60K","1,12%"
"09.10.2005","89,180","88,830","90,280","88,750","26,49K","0,26%"
"02.10.2005","88,950","89,270","90,050","88,350","27,50K","-0,45%"
"25.09.2005","89,350","89,210","89,600","88,750","17,39K","0,42%"
"18.09.2005","88,980","88,490","89,040","87,510","17,16K","1,07%"
"11.09.2005","88,040","86,800","88,280","86,780","14,77K","1,32%"
"04.09.2005","86,890","86,130","87,200","85,970","21,53K","0,74%"
"28.08.2005","86,250","87,710","88,670","86,020","30,03K","-1,80%"
"21.08.2005","87,830","88,500","88,620","87,370","14,12K","-0,75%"
"14.08.2005","88,490","86,800","88,820","86,810","16,60K","1,91%"
"07.08.2005","86,830","88,130","88,130","86,690","21,39K","-1,27%"
"31.07.2005","87,950","89,260","89,350","87,500","26,89K","-1,43%"
"24.07.2005","89,230","89,600","90,370","89,010","10,59K","-0,32%"
"17.07.2005","89,520","89,630","90,280","88,300","14,03K","-0,11%"
"10.07.2005","89,620","90,100","90,100","88,150","18,75K","-0,59%"
"03.07.2005","90,150","90,150","90,660","89,600","7,62K","0,17%"
"26.06.2005","90,000","88,620","90,130","88,210","12,40K","1,47%"
"19.06.2005","88,700","88,020","89,040","87,770","12,42K","1,30%"
"12.06.2005","87,560","88,680","89,260","87,540","12,54K","-1,31%"
"05.06.2005","88,720","87,960","88,790","87,120","21,45K","0,77%"
"29.05.2005","88,040","86,900","88,340","86,820","25,12K","1,89%"
"22.05.2005","86,410","86,670","86,940","86,110","11,42K","-0,30%"
"15.05.2005","86,670","86,240","86,750","85,750","17,51K","0,66%"
"08.05.2005","86,100","84,670","86,130","84,200","24,93K","1,75%"
"01.05.2005","84,620","84,470","84,690","83,720","12,27K","0,24%"
"24.04.2005","84,420","83,420","84,490","83,410","13,37K","1,16%"
"17.04.2005","83,450","84,450","84,710","83,310","12,85K","-1,24%"
"10.04.2005","84,500","84,510","85,310","83,950","16,64K","0,11%"
"03.04.2005","84,410","84,470","85,100","84,310","12,50K","0,01%"
"27.03.2005","84,400","84,300","84,750","83,500","12,34K","0,34%"
"20.03.2005","84,110","82,050","84,160","82,050","20,16K","2,45%"
"13.03.2005","82,100","81,270","82,400","81,430","8,58K","0,84%"
"06.03.2005","81,420","82,520","82,910","81,270","19,31K","-1,34%"
"27.02.2005","82,530","82,500","83,400","82,280","9,73K","-0,15%"
"20.02.2005","82,650","82,760","83,150","82,380","18,56K","-1,04%"
"13.02.2005","83,520","84,510","84,510","83,370","11,45K","-1,29%"
"06.02.2005","84,610","84,510","85,460","84,380","13,89K","0,19%"
"30.01.2005","84,450","83,680","84,480","83,270","9,31K","1,10%"
"23.01.2005","83,530","83,180","84,140","83,080","10,26K","0,23%"
"16.01.2005","83,340","83,600","84,070","82,950","7,82K","0,25%"
"09.01.2005","83,130","83,630","83,630","82,050","10,59K","-0,70%"
"02.01.2005","83,720","81,110","83,900","81,110","29,65K","3,36%"
"26.12.2004","81,000","81,330","81,380","80,480","14,76K","-0,38%"
"19.12.2004","81,310","82,110","82,230","81,250","7,07K","-1,12%"
"12.12.2004","82,230","82,630","82,830","81,490","10,84K","-0,44%"
"05.12.2004","82,590","80,940","83,060","80,940","29,43K","1,99%"
"28.11.2004","80,980","81,990","82,260","80,960","13,06K","-1,01%"
"21.11.2004","81,810","83,350","83,540","81,780","8,16K","-1,81%"
"14.11.2004","83,320","83,770","84,150","83,080","8,94K","-0,47%"
"07.11.2004","83,710","83,990","84,780","83,700","12,74K","-0,43%"
"31.10.2004","84,070","84,760","85,680","84,030","15,33K","-1,07%"
"24.10.2004","84,980","85,550","85,940","84,850","12,30K","-1,15%"
"17.10.2004","85,970","87,200","87,440","85,940","8,43K","-1,43%"
"10.10.2004","87,220","87,540","88,720","86,980","13,71K","-0,38%"
"03.10.2004","87,550","87,840","88,790","87,440","11,14K","-0,24%"
"26.09.2004","87,760","88,460","88,720","87,470","10,85K","-0,94%"
"19.09.2004","88,590","89,130","89,490","88,000","12,00K","-0,57%"
"12.09.2004","89,100","88,230","89,580","88,300","6,29K","0,83%"
"05.09.2004","88,370","89,400","89,770","88,140","10,79K","-1,44%"
"29.08.2004","89,660","89,820","89,940","88,720","8,13K","-0,16%"
"22.08.2004","89,800","88,280","89,890","88,250","9,27K","1,78%"
"15.08.2004","88,230","87,910","88,410","87,730","6,28K","0,30%"
"08.08.2004","87,970","88,470","89,280","87,940","8,04K","-0,55%"
"01.08.2004","88,460","89,980","90,340","88,370","9,08K","-1,83%"
"25.07.2004","90,110","89,360","90,490","88,920","14,63K","0,73%"
"18.07.2004","89,460","87,250","89,520","87,200","11,89K","2,47%"
"11.07.2004","87,300","87,460","88,320","87,240","9,43K","-0,42%"
"04.07.2004","87,670","88,380","88,600","87,540","5,90K","-0,58%"
"27.06.2004","88,180","89,050","89,860","88,150","23,96K","-1,17%"
"20.06.2004","89,220","89,360","89,970","88,880","5,74K","-0,23%"
"13.06.2004","89,430","90,540","90,770","89,380","12,29K","-0,63%"
"06.06.2004","90,000","88,450","89,810","88,060","13,08K","1,59%"
"30.05.2004","88,590","88,680","89,500","88,410","7,83K","-0,44%"
"23.05.2004","88,980","90,580","91,060","88,590","15,72K","-1,76%"
"16.05.2004","90,570","91,720","91,840","90,160","11,14K","-1,32%"
"09.05.2004","91,780","91,390","92,500","91,200","17,12K","0,51%"
"02.05.2004","91,310","90,810","91,490","89,420","15,19K","0,69%"
"25.04.2004","90,680","91,490","91,790","90,540","8,68K","-0,74%"
"18.04.2004","91,360","90,020","91,660","89,650","6,13K","1,24%"
"11.04.2004","90,240","89,250","91,020","89,150","14,86K","1,06%"
"04.04.2004","89,290","88,940","89,800","88,450","8,92K","0,50%"
"28.03.2004","88,850","89,270","89,470","87,300","24,31K","-0,48%"
"21.03.2004","89,280","88,550","89,650","87,800","10,49K","0,84%"
"14.03.2004","88,540","89,160","89,460","87,800","8,59K","-0,62%"
"07.03.2004","89,090","88,230","89,440","87,670","10,90K","0,97%"
"29.02.2004","88,230","87,110","89,950","87,110","17,87K","0,93%"
"22.02.2004","87,420","87,350","88,130","86,080","15,25K","0,02%"
"15.02.2004","87,400","85,230","87,530","84,770","13,29K","2,01%"
"08.02.2004","85,680","86,420","86,420","84,850","13,95K","-0,60%"
"01.02.2004","86,200","87,340","87,910","86,020","9,60K","-1,40%"
"25.01.2004","87,420","86,940","88,070","86,380","11,74K","0,66%"
"18.01.2004","86,850","87,620","87,690","85,760","10,24K","-1,36%"
"11.01.2004","88,050","85,320","88,170","85,100","13,59K","3,12%"
"04.01.2004","85,390","86,750","86,960","85,270","10,75K","-1,77%"
"28.12.2003","86,930","88,070","88,080","86,700","10,64K","-1,14%"
"21.12.2003","87,930","88,640","88,600","87,760","7,45K","-0,68%"
"14.12.2003","88,530","88,890","88,930","88,180","4,64K","0,08%"
"07.12.2003","88,460","89,080","89,550","88,430","15,36K","-0,82%"
"30.11.2003","89,190","90,150","90,600","89,100","9,60K","-1,21%"
"23.11.2003","90,280","90,680","91,820","90,130","6,18K","-0,52%"
"16.11.2003","90,750","91,140","91,950","90,370","19,00K","-0,93%"
"09.11.2003","91,600","93,320","93,450","91,330","9,91K","-1,72%"
"02.11.2003","93,200","92,860","94,320","92,680","13,68K","0,34%"
"26.10.2003","92,880","91,610","92,990","91,520","11,06K","1,50%"
"19.10.2003","91,510","92,270","92,990","91,230","9,26K","-1,18%"
"12.10.2003","92,600","92,310","93,330","91,930","7,23K","0,88%"
"05.10.2003","91,790","93,510","93,610","91,550","6,41K","-1,86%"
"28.09.2003","93,530","94,240","94,680","92,430","13,29K","-0,76%"
"21.09.2003","94,250","94,150","94,730","93,720","9,56K","-1,14%"
"14.09.2003","95,340","96,130","97,240","95,130","13,62K","-0,72%"
"07.09.2003","96,030","97,210","97,540","95,820","7,45K","-1,13%"
"31.08.2003","97,130","98,200","99,400","97,070","6,11K","-0,99%"
"24.08.2003","98,100","99,070","99,570","97,920","3,48K","-0,91%"
"17.08.2003","99,000","96,710","99,400","96,710","8,19K","2,27%"
"10.08.2003","96,800","96,540","96,970","95,820","2,60K","0,24%"
"03.08.2003","96,570","96,700","96,850","95,670","4,18K","-0,31%"
"27.07.2003","96,870","95,180","97,720","95,000","5,64K","1,84%"
"20.07.2003","95,120","97,020","97,020","94,830","8,40K","-1,76%"
"13.07.2003","96,820","96,360","97,800","95,990","9,61K","0,72%"
"06.07.2003","96,130","95,420","96,480","94,900","10,68K","1,46%"
"29.06.2003","94,750","95,490","95,700","94,300","5,54K","-0,77%"
"22.06.2003","95,490","94,510","95,680","93,880","13,91K","1,10%"
"15.06.2003","94,450","92,530","94,730","92,370","10,90K","2,38%"
"08.06.2003","92,250","93,550","93,700","92,200","13,32K","-1,40%"
"01.06.2003","93,560","93,810","94,150","92,300","8,48K","0,27%"
"25.05.2003","93,310","92,700","93,990","92,350","4,86K","0,19%"
"18.05.2003","93,130","93,630","94,100","93,010","5,61K","-1,11%"
"11.05.2003","94,180","94,670","95,530","94,150","5,04K","-1,03%"
"04.05.2003","95,160","97,000","97,040","94,890","9,22K","-1,84%"
"27.04.2003","96,940","98,490","99,230","96,470","12,43K","-1,70%"
"20.04.2003","98,620","99,500","100,150","98,360","7,07K","-0,94%"
"13.04.2003","99,560","100,650","100,760","99,020","5,26K","-0,99%"
"06.04.2003","100,560","101,250","102,190","99,850","5,91K","-0,32%"
"30.03.2003","100,880","100,400","101,180","99,170","5,72K","0,53%"
"23.03.2003","100,350","101,890","102,040","100,230","9,01K","-2,05%"
"16.03.2003","102,450","99,320","102,680","99,320","6,26K","2,40%"
"09.03.2003","100,050","97,930","100,420","97,630","12,15K","1,99%"
"02.03.2003","98,100","99,750","99,820","97,620","14,35K","-1,71%"
"23.02.2003","99,810","100,190","100,300","99,350","6,79K","-0,44%"
"16.02.2003","100,250","100,370","100,750","99,530","3,41K","0,00%"
"09.02.2003","100,250","99,770","101,100","99,600","7,63K","0,48%"
"02.02.2003","99,770","100,460","100,700","98,870","7,13K","-0,37%"
"26.01.2003","100,140","99,440","100,470","99,050","6,99K","0,69%"
"19.01.2003","99,450","101,120","101,260","99,410","4,16K","-1,43%"
"12.01.2003","100,890","101,710","102,030","100,620","2,93K","-0,66%"
"05.01.2003","101,560","102,600","103,340","101,550","4,73K","-1,26%"
"29.12.2002","102,860","102,830","103,670","102,260","6,99K","0,08%"
"22.12.2002","102,780","103,620","104,480","102,780","3,34K","-1,17%"
"15.12.2002","104,000","104,330","104,780","103,580","7,54K","0,02%"
"08.12.2002","103,980","105,150","105,560","103,940","12,36K","-1,33%"
"01.12.2002","105,380","106,590","107,380","104,950","12,63K","-1,05%"
"24.11.2002","106,500","106,330","107,100","106,340","4,26K","0,21%"
"17.11.2002","106,280","105,240","106,360","104,850","6,57K","1,04%"
"10.11.2002","105,190","104,800","105,770","104,360","6,08K","0,49%"
"03.11.2002","104,680","106,270","106,620","104,510","9,08K","-1,48%"
"27.10.2002","106,250","108,380","108,480","105,900","16,49K","-1,77%"
"20.10.2002","108,170","108,620","108,740","107,900","4,50K","-0,64%"
"13.10.2002","108,870","107,360","108,950","107,370","5,99K","1,18%"
"06.10.2002","107,600","108,100","108,540","107,070","5,88K","-0,39%"
"29.09.2002","108,020","107,450","108,150","106,860","4,22K","0,06%"
"22.09.2002","107,950","107,970","108,600","107,520","2,40K","-0,14%"
"15.09.2002","108,100","108,400","109,750","107,300","3,64K","0,04%"
"08.09.2002","108,060","106,730","108,250","106,830","5,56K","1,05%"
"01.09.2002","106,940","106,460","106,950","105,530","8,20K","0,07%"
"25.08.2002","106,870","108,250","108,300","106,320","3,36K","-1,17%"
"18.08.2002","108,130","106,760","108,520","106,770","2,26K","1,16%"
"11.08.2002","106,890","107,910","108,200","106,350","2,90K","-1,41%"
"04.08.2002","108,420","107,230","109,250","106,900","4,02K","1,36%"
"28.07.2002","106,960","106,930","108,150","106,550","4,69K","0,07%"
"21.07.2002","106,890","104,640","107,200","104,530","5,54K","2,37%"
"14.07.2002","104,420","105,710","105,840","104,120","4,81K","-1,69%"
"07.07.2002","106,220","106,830","107,300","105,890","3,78K","-1,76%"
"30.06.2002","108,120","106,220","108,330","106,250","3,43K","1,47%"
"23.06.2002","106,550","108,560","109,000","105,970","9,23K","-1,98%"
"16.06.2002","108,700","110,820","111,280","108,510","6,32K","-1,90%"
"09.06.2002","110,800","111,320","111,470","110,300","4,15K","-0,25%"
"02.06.2002","111,080","111,980","112,000","110,620","7,43K","-0,74%"
"26.05.2002","111,910","112,840","112,920","110,950","6,78K","-0,87%"
"19.05.2002","112,890","113,140","113,450","112,300","4,06K","-0,26%"
"12.05.2002","113,180","113,950","115,450","113,050","6,49K","-0,88%"
"05.05.2002","114,180","114,070","115,260","113,650","6,63K","0,27%"
"28.04.2002","113,870","115,150","115,630","113,740","8,95K","-1,18%"
"21.04.2002","115,230","116,780","117,000","115,220","7,82K","-1,17%"
"14.04.2002","116,590","117,750","118,100","116,440","9,33K","-1,21%"
"07.04.2002","118,020","118,160","118,650","117,500","4,93K","-0,03%"
"31.03.2002","118,060","118,930","118,950","117,500","11,46K","-0,84%"
"24.03.2002","119,060","118,540","119,220","118,200","2,36K","0,46%"
"17.03.2002","118,510","117,610","118,680","117,520","3,00K","1,10%"
"10.03.2002","117,220","117,920","118,420","116,950","4,20K","-0,66%"
"03.03.2002","118,000","119,450","119,550","116,800","13,42K","-1,25%"
"24.02.2002","119,490","118,610","120,130","118,570","3,88K","0,72%"
"17.02.2002","118,630","119,190","119,500","118,260","10,92K","-0,12%"
"10.02.2002","118,770","119,220","119,300","118,300","4,96K","-0,36%"
"03.02.2002","119,200","120,030","120,080","118,960","6,21K","-0,65%"
"27.01.2002","119,980","119,950","120,800","119,510","6,24K","-0,17%"
"20.01.2002","120,180","118,110","120,300","117,920","4,16K","1,97%"
"13.01.2002","117,860","116,850","118,450","116,750","5,54K","0,72%"
"06.01.2002","117,020","116,340","117,800","116,340","1,57K","0,23%"